<annotation>
	<folder>train</folder>
	<filename>armas (13).jpg</filename>
	<path>/Users/simonchu/Desktop/Weapons-100-SC/train/armas (13).jpg</path>
	<source>
		<database>Unknown</database>
	</source>
	<size>
		<width>1300</width>
		<height>906</height>
		<depth>1</depth>
	</size>
	<segmented>0</segmented>
	<object>
		<name>gun</name>
		<pose>Unspecified</pose>
		<truncated>0</truncated>
		<difficult>0</difficult>
		<bndbox>
			<xmin>150</xmin>
			<ymin>231</ymin>
			<xmax>799</xmax>
			<ymax>766</ymax>
		</bndbox>
	</object>
</annotation>
