<annotation>
	<folder>train</folder>
	<filename>armas (27).jpg</filename>
	<path>/Users/simonchu/Desktop/Weapons-100-SC/train/armas (27).jpg</path>
	<source>
		<database>Unknown</database>
	</source>
	<size>
		<width>866</width>
		<height>1300</height>
		<depth>3</depth>
	</size>
	<segmented>0</segmented>
	<object>
		<name>gun</name>
		<pose>Unspecified</pose>
		<truncated>0</truncated>
		<difficult>0</difficult>
		<bndbox>
			<xmin>33</xmin>
			<ymin>370</ymin>
			<xmax>180</xmax>
			<ymax>676</ymax>
		</bndbox>
	</object>
	<object>
		<name>gun</name>
		<pose>Unspecified</pose>
		<truncated>0</truncated>
		<difficult>0</difficult>
		<bndbox>
			<xmin>696</xmin>
			<ymin>394</ymin>
			<xmax>831</xmax>
			<ymax>684</ymax>
		</bndbox>
	</object>
</annotation>
