<annotation>
	<folder>train</folder>
	<filename>armas (24).jpg</filename>
	<path>/Users/simonchu/Desktop/Weapons-100-SC/train/armas (24).jpg</path>
	<source>
		<database>Unknown</database>
	</source>
	<size>
		<width>662</width>
		<height>440</height>
		<depth>3</depth>
	</size>
	<segmented>0</segmented>
	<object>
		<name>gun</name>
		<pose>Unspecified</pose>
		<truncated>0</truncated>
		<difficult>0</difficult>
		<bndbox>
			<xmin>336</xmin>
			<ymin>50</ymin>
			<xmax>636</xmax>
			<ymax>310</ymax>
		</bndbox>
	</object>
</annotation>
