<annotation>
	<folder>train</folder>
	<filename>armas (43).jpg</filename>
	<path>/Users/simonchu/Desktop/Weapons-100-SC/train/armas (43).jpg</path>
	<source>
		<database>Unknown</database>
	</source>
	<size>
		<width>156</width>
		<height>235</height>
		<depth>3</depth>
	</size>
	<segmented>0</segmented>
	<object>
		<name>gun</name>
		<pose>Unspecified</pose>
		<truncated>0</truncated>
		<difficult>0</difficult>
		<bndbox>
			<xmin>3</xmin>
			<ymin>60</ymin>
			<xmax>89</xmax>
			<ymax>222</ymax>
		</bndbox>
	</object>
</annotation>
