<annotation>
	<folder>train</folder>
	<filename>armas (68).jpg</filename>
	<path>/Users/simonchu/Desktop/Weapons-100-SC/train/armas (68).jpg</path>
	<source>
		<database>Unknown</database>
	</source>
	<size>
		<width>168</width>
		<height>113</height>
		<depth>3</depth>
	</size>
	<segmented>0</segmented>
	<object>
		<name>gun</name>
		<pose>Unspecified</pose>
		<truncated>0</truncated>
		<difficult>0</difficult>
		<bndbox>
			<xmin>69</xmin>
			<ymin>29</ymin>
			<xmax>90</xmax>
			<ymax>58</ymax>
		</bndbox>
	</object>
	<object>
		<name>gun</name>
		<pose>Unspecified</pose>
		<truncated>0</truncated>
		<difficult>0</difficult>
		<bndbox>
			<xmin>95</xmin>
			<ymin>73</ymin>
			<xmax>132</xmax>
			<ymax>104</ymax>
		</bndbox>
	</object>
</annotation>
