<annotation>
	<folder>train</folder>
	<filename>armas (35).jpg</filename>
	<path>/Users/simonchu/Desktop/Weapons-100-SC/train/armas (35).jpg</path>
	<source>
		<database>Unknown</database>
	</source>
	<size>
		<width>1300</width>
		<height>1097</height>
		<depth>3</depth>
	</size>
	<segmented>0</segmented>
	<object>
		<name>gun</name>
		<pose>Unspecified</pose>
		<truncated>0</truncated>
		<difficult>0</difficult>
		<bndbox>
			<xmin>592</xmin>
			<ymin>365</ymin>
			<xmax>758</xmax>
			<ymax>626</ymax>
		</bndbox>
	</object>
</annotation>
