<annotation>
	<folder>train</folder>
	<filename>armas (55).jpg</filename>
	<path>/Users/simonchu/Desktop/Weapons-100-SC/train/armas (55).jpg</path>
	<source>
		<database>Unknown</database>
	</source>
	<size>
		<width>600</width>
		<height>391</height>
		<depth>3</depth>
	</size>
	<segmented>0</segmented>
	<object>
		<name>gun</name>
		<pose>Unspecified</pose>
		<truncated>0</truncated>
		<difficult>0</difficult>
		<bndbox>
			<xmin>306</xmin>
			<ymin>127</ymin>
			<xmax>383</xmax>
			<ymax>221</ymax>
		</bndbox>
	</object>
</annotation>
