<annotation>
	<folder>train</folder>
	<filename>armas (57).jpg</filename>
	<path>/Users/simonchu/Desktop/Weapons-100-SC/train/armas (57).jpg</path>
	<source>
		<database>Unknown</database>
	</source>
	<size>
		<width>645</width>
		<height>437</height>
		<depth>3</depth>
	</size>
	<segmented>0</segmented>
	<object>
		<name>gun</name>
		<pose>Unspecified</pose>
		<truncated>0</truncated>
		<difficult>0</difficult>
		<bndbox>
			<xmin>151</xmin>
			<ymin>37</ymin>
			<xmax>427</xmax>
			<ymax>327</ymax>
		</bndbox>
	</object>
</annotation>
