<annotation>
	<folder>train</folder>
	<filename>armas (77).jpg</filename>
	<path>/Users/simonchu/Desktop/Weapons-100-SC/train/armas (77).jpg</path>
	<source>
		<database>Unknown</database>
	</source>
	<size>
		<width>1300</width>
		<height>1300</height>
		<depth>3</depth>
	</size>
	<segmented>0</segmented>
	<object>
		<name>gun</name>
		<pose>Unspecified</pose>
		<truncated>1</truncated>
		<difficult>0</difficult>
		<bndbox>
			<xmin>29</xmin>
			<ymin>282</ymin>
			<xmax>1300</xmax>
			<ymax>1172</ymax>
		</bndbox>
	</object>
</annotation>
