<annotation>
	<folder>train</folder>
	<filename>armas (31).jpg</filename>
	<path>/Users/simonchu/Desktop/Weapons-100-SC/train/armas (31).jpg</path>
	<source>
		<database>Unknown</database>
	</source>
	<size>
		<width>1500</width>
		<height>1121</height>
		<depth>3</depth>
	</size>
	<segmented>0</segmented>
	<object>
		<name>gun</name>
		<pose>Unspecified</pose>
		<truncated>0</truncated>
		<difficult>0</difficult>
		<bndbox>
			<xmin>660</xmin>
			<ymin>288</ymin>
			<xmax>1222</xmax>
			<ymax>876</ymax>
		</bndbox>
	</object>
</annotation>
