<annotation>
	<folder>train</folder>
	<filename>armas (71).jpg</filename>
	<path>/Users/simonchu/Desktop/Weapons-100-SC/train/armas (71).jpg</path>
	<source>
		<database>Unknown</database>
	</source>
	<size>
		<width>638</width>
		<height>479</height>
		<depth>3</depth>
	</size>
	<segmented>0</segmented>
	<object>
		<name>gun</name>
		<pose>Unspecified</pose>
		<truncated>0</truncated>
		<difficult>0</difficult>
		<bndbox>
			<xmin>300</xmin>
			<ymin>167</ymin>
			<xmax>601</xmax>
			<ymax>360</ymax>
		</bndbox>
	</object>
</annotation>
