<annotation>
	<folder>train</folder>
	<filename>armas (73).jpg</filename>
	<path>/Users/simonchu/Desktop/Weapons-100-SC/train/armas (73).jpg</path>
	<source>
		<database>Unknown</database>
	</source>
	<size>
		<width>1001</width>
		<height>1620</height>
		<depth>3</depth>
	</size>
	<segmented>0</segmented>
	<object>
		<name>gun</name>
		<pose>Unspecified</pose>
		<truncated>0</truncated>
		<difficult>0</difficult>
		<bndbox>
			<xmin>141</xmin>
			<ymin>157</ymin>
			<xmax>621</xmax>
			<ymax>1065</ymax>
		</bndbox>
	</object>
</annotation>
