<annotation>
	<folder>train</folder>
	<filename>armas (80).jpg</filename>
	<path>/Users/simonchu/Desktop/Weapons-100-SC/train/armas (80).jpg</path>
	<source>
		<database>Unknown</database>
	</source>
	<size>
		<width>113</width>
		<height>168</height>
		<depth>3</depth>
	</size>
	<segmented>0</segmented>
	<object>
		<name>gun</name>
		<pose>Unspecified</pose>
		<truncated>0</truncated>
		<difficult>0</difficult>
		<bndbox>
			<xmin>59</xmin>
			<ymin>73</ymin>
			<xmax>106</xmax>
			<ymax>127</ymax>
		</bndbox>
	</object>
</annotation>
