<annotation>
	<folder>train</folder>
	<filename>armas (19).jpg</filename>
	<path>/Users/simonchu/Desktop/Weapons-100-SC/train/armas (19).jpg</path>
	<source>
		<database>Unknown</database>
	</source>
	<size>
		<width>480</width>
		<height>480</height>
		<depth>3</depth>
	</size>
	<segmented>0</segmented>
	<object>
		<name>gun</name>
		<pose>Unspecified</pose>
		<truncated>0</truncated>
		<difficult>0</difficult>
		<bndbox>
			<xmin>258</xmin>
			<ymin>168</ymin>
			<xmax>358</xmax>
			<ymax>346</ymax>
		</bndbox>
	</object>
</annotation>
