<annotation>
	<folder>train</folder>
	<filename>armas (56).jpg</filename>
	<path>/Users/simonchu/Desktop/Weapons-100-SC/train/armas (56).jpg</path>
	<source>
		<database>Unknown</database>
	</source>
	<size>
		<width>2314</width>
		<height>1467</height>
		<depth>3</depth>
	</size>
	<segmented>0</segmented>
	<object>
		<name>gun</name>
		<pose>Unspecified</pose>
		<truncated>0</truncated>
		<difficult>0</difficult>
		<bndbox>
			<xmin>945</xmin>
			<ymin>254</ymin>
			<xmax>1702</xmax>
			<ymax>778</ymax>
		</bndbox>
	</object>
	<object>
		<name>gun</name>
		<pose>Unspecified</pose>
		<truncated>0</truncated>
		<difficult>0</difficult>
		<bndbox>
			<xmin>587</xmin>
			<ymin>818</ymin>
			<xmax>1175</xmax>
			<ymax>1463</ymax>
		</bndbox>
	</object>
	<object>
		<name>gun</name>
		<pose>Unspecified</pose>
		<truncated>0</truncated>
		<difficult>0</difficult>
		<bndbox>
			<xmin>1387</xmin>
			<ymin>793</ymin>
			<xmax>1772</xmax>
			<ymax>1463</ymax>
		</bndbox>
	</object>
	<object>
		<name>gun</name>
		<pose>Unspecified</pose>
		<truncated>0</truncated>
		<difficult>0</difficult>
		<bndbox>
			<xmin>1796</xmin>
			<ymin>1084</ymin>
			<xmax>2205</xmax>
			<ymax>1230</ymax>
		</bndbox>
	</object>
</annotation>
