<annotation>
	<folder>train</folder>
	<filename>armas (45).jpg</filename>
	<path>/Users/simonchu/Desktop/Weapons-100-SC/train/armas (45).jpg</path>
	<source>
		<database>Unknown</database>
	</source>
	<size>
		<width>1300</width>
		<height>912</height>
		<depth>3</depth>
	</size>
	<segmented>0</segmented>
	<object>
		<name>gun</name>
		<pose>Unspecified</pose>
		<truncated>0</truncated>
		<difficult>0</difficult>
		<bndbox>
			<xmin>565</xmin>
			<ymin>152</ymin>
			<xmax>1122</xmax>
			<ymax>781</ymax>
		</bndbox>
	</object>
</annotation>
