<annotation>
	<folder>train</folder>
	<filename>armas (76).jpg</filename>
	<path>/Users/simonchu/Desktop/Weapons-100-SC/train/armas (76).jpg</path>
	<source>
		<database>Unknown</database>
	</source>
	<size>
		<width>640</width>
		<height>409</height>
		<depth>3</depth>
	</size>
	<segmented>0</segmented>
	<object>
		<name>gun</name>
		<pose>Unspecified</pose>
		<truncated>1</truncated>
		<difficult>0</difficult>
		<bndbox>
			<xmin>129</xmin>
			<ymin>1</ymin>
			<xmax>578</xmax>
			<ymax>231</ymax>
		</bndbox>
	</object>
	<object>
		<name>gun</name>
		<pose>Unspecified</pose>
		<truncated>0</truncated>
		<difficult>0</difficult>
		<bndbox>
			<xmin>82</xmin>
			<ymin>301</ymin>
			<xmax>535</xmax>
			<ymax>396</ymax>
		</bndbox>
	</object>
</annotation>
