<annotation>
	<folder>train</folder>
	<filename>armas (54).jpg</filename>
	<path>/Users/simonchu/Desktop/Weapons-100-SC/train/armas (54).jpg</path>
	<source>
		<database>Unknown</database>
	</source>
	<size>
		<width>800</width>
		<height>1200</height>
		<depth>3</depth>
	</size>
	<segmented>0</segmented>
	<object>
		<name>gun</name>
		<pose>Unspecified</pose>
		<truncated>0</truncated>
		<difficult>0</difficult>
		<bndbox>
			<xmin>567</xmin>
			<ymin>570</ymin>
			<xmax>691</xmax>
			<ymax>733</ymax>
		</bndbox>
	</object>
</annotation>
