<annotation>
	<folder>train</folder>
	<filename>armas (48).jpg</filename>
	<path>/Users/simonchu/Desktop/Weapons-100-SC/train/armas (48).jpg</path>
	<source>
		<database>Unknown</database>
	</source>
	<size>
		<width>450</width>
		<height>328</height>
		<depth>3</depth>
	</size>
	<segmented>0</segmented>
	<object>
		<name>gun</name>
		<pose>Unspecified</pose>
		<truncated>0</truncated>
		<difficult>0</difficult>
		<bndbox>
			<xmin>154</xmin>
			<ymin>21</ymin>
			<xmax>396</xmax>
			<ymax>133</ymax>
		</bndbox>
	</object>
</annotation>
