<annotation>
	<folder>train</folder>
	<filename>armas (2).jpg</filename>
	<path>/Users/simonchu/Desktop/Weapons-100-SC/train/armas (2).jpg</path>
	<source>
		<database>Unknown</database>
	</source>
	<size>
		<width>259</width>
		<height>194</height>
		<depth>3</depth>
	</size>
	<segmented>0</segmented>
	<object>
		<name>gun</name>
		<pose>Unspecified</pose>
		<truncated>0</truncated>
		<difficult>0</difficult>
		<bndbox>
			<xmin>19</xmin>
			<ymin>78</ymin>
			<xmax>147</xmax>
			<ymax>170</ymax>
		</bndbox>
	</object>
	<object>
		<name>gun</name>
		<pose>Unspecified</pose>
		<truncated>0</truncated>
		<difficult>0</difficult>
		<bndbox>
			<xmin>84</xmin>
			<ymin>27</ymin>
			<xmax>223</xmax>
			<ymax>118</ymax>
		</bndbox>
	</object>
</annotation>
