<annotation>
	<folder>train</folder>
	<filename>armas (12).jpg</filename>
	<path>/Users/simonchu/Desktop/Weapons-100-SC/train/armas (12).jpg</path>
	<source>
		<database>Unknown</database>
	</source>
	<size>
		<width>315</width>
		<height>450</height>
		<depth>3</depth>
	</size>
	<segmented>0</segmented>
	<object>
		<name>gun</name>
		<pose>Unspecified</pose>
		<truncated>0</truncated>
		<difficult>0</difficult>
		<bndbox>
			<xmin>15</xmin>
			<ymin>162</ymin>
			<xmax>100</xmax>
			<ymax>269</ymax>
		</bndbox>
	</object>
</annotation>
