<annotation>
	<folder>train</folder>
	<filename>armas (67).jpg</filename>
	<path>/Users/simonchu/Desktop/Weapons-100-SC/train/armas (67).jpg</path>
	<source>
		<database>Unknown</database>
	</source>
	<size>
		<width>450</width>
		<height>300</height>
		<depth>3</depth>
	</size>
	<segmented>0</segmented>
	<object>
		<name>gun</name>
		<pose>Unspecified</pose>
		<truncated>0</truncated>
		<difficult>0</difficult>
		<bndbox>
			<xmin>42</xmin>
			<ymin>23</ymin>
			<xmax>383</xmax>
			<ymax>165</ymax>
		</bndbox>
	</object>
	<object>
		<name>gun</name>
		<pose>Unspecified</pose>
		<truncated>0</truncated>
		<difficult>0</difficult>
		<bndbox>
			<xmin>314</xmin>
			<ymin>197</ymin>
			<xmax>351</xmax>
			<ymax>273</ymax>
		</bndbox>
	</object>
</annotation>
