<annotation>
	<folder>train</folder>
	<filename>armas (39).jpg</filename>
	<path>/Users/simonchu/Desktop/Weapons-100-SC/train/armas (39).jpg</path>
	<source>
		<database>Unknown</database>
	</source>
	<size>
		<width>135</width>
		<height>168</height>
		<depth>3</depth>
	</size>
	<segmented>0</segmented>
	<object>
		<name>gun</name>
		<pose>Unspecified</pose>
		<truncated>0</truncated>
		<difficult>0</difficult>
		<bndbox>
			<xmin>67</xmin>
			<ymin>27</ymin>
			<xmax>110</xmax>
			<ymax>109</ymax>
		</bndbox>
	</object>
</annotation>
