<annotation>
	<folder>train</folder>
	<filename>armas (6).jpg</filename>
	<path>/Users/simonchu/Desktop/Weapons-100-SC/train/armas (6).jpg</path>
	<source>
		<database>Unknown</database>
	</source>
	<size>
		<width>1114</width>
		<height>741</height>
		<depth>3</depth>
	</size>
	<segmented>0</segmented>
	<object>
		<name>gun</name>
		<pose>Unspecified</pose>
		<truncated>0</truncated>
		<difficult>0</difficult>
		<bndbox>
			<xmin>269</xmin>
			<ymin>176</ymin>
			<xmax>940</xmax>
			<ymax>641</ymax>
		</bndbox>
	</object>
</annotation>
