<annotation>
	<folder>train</folder>
	<filename>armas (46).jpg</filename>
	<path>/Users/simonchu/Desktop/Weapons-100-SC/train/armas (46).jpg</path>
	<source>
		<database>Unknown</database>
	</source>
	<size>
		<width>450</width>
		<height>332</height>
		<depth>3</depth>
	</size>
	<segmented>0</segmented>
	<object>
		<name>gun</name>
		<pose>Unspecified</pose>
		<truncated>1</truncated>
		<difficult>0</difficult>
		<bndbox>
			<xmin>178</xmin>
			<ymin>50</ymin>
			<xmax>450</xmax>
			<ymax>329</ymax>
		</bndbox>
	</object>
</annotation>
