<annotation>
	<folder>train</folder>
	<filename>armas (74).jpg</filename>
	<path>/Users/simonchu/Desktop/Weapons-100-SC/train/armas (74).jpg</path>
	<source>
		<database>Unknown</database>
	</source>
	<size>
		<width>640</width>
		<height>360</height>
		<depth>3</depth>
	</size>
	<segmented>0</segmented>
	<object>
		<name>gun</name>
		<pose>Unspecified</pose>
		<truncated>0</truncated>
		<difficult>0</difficult>
		<bndbox>
			<xmin>343</xmin>
			<ymin>96</ymin>
			<xmax>402</xmax>
			<ymax>150</ymax>
		</bndbox>
	</object>
</annotation>
