<annotation>
	<folder>train</folder>
	<filename>armas (33).jpg</filename>
	<path>/Users/simonchu/Desktop/Weapons-100-SC/train/armas (33).jpg</path>
	<source>
		<database>Unknown</database>
	</source>
	<size>
		<width>967</width>
		<height>1300</height>
		<depth>3</depth>
	</size>
	<segmented>0</segmented>
	<object>
		<name>gun</name>
		<pose>Unspecified</pose>
		<truncated>0</truncated>
		<difficult>0</difficult>
		<bndbox>
			<xmin>93</xmin>
			<ymin>304</ymin>
			<xmax>760</xmax>
			<ymax>1249</ymax>
		</bndbox>
	</object>
</annotation>
