<annotation>
	<folder>train</folder>
	<filename>armas (70).jpg</filename>
	<path>/Users/simonchu/Desktop/Weapons-100-SC/train/armas (70).jpg</path>
	<source>
		<database>Unknown</database>
	</source>
	<size>
		<width>168</width>
		<height>113</height>
		<depth>3</depth>
	</size>
	<segmented>0</segmented>
	<object>
		<name>gun</name>
		<pose>Unspecified</pose>
		<truncated>0</truncated>
		<difficult>0</difficult>
		<bndbox>
			<xmin>100</xmin>
			<ymin>33</ymin>
			<xmax>128</xmax>
			<ymax>58</ymax>
		</bndbox>
	</object>
</annotation>
