<annotation>
	<folder>train</folder>
	<filename>armas (11).jpg</filename>
	<path>/Users/simonchu/Desktop/Weapons-100-SC/train/armas (11).jpg</path>
	<source>
		<database>Unknown</database>
	</source>
	<size>
		<width>866</width>
		<height>1300</height>
		<depth>3</depth>
	</size>
	<segmented>0</segmented>
	<object>
		<name>gun</name>
		<pose>Unspecified</pose>
		<truncated>0</truncated>
		<difficult>0</difficult>
		<bndbox>
			<xmin>210</xmin>
			<ymin>398</ymin>
			<xmax>447</xmax>
			<ymax>706</ymax>
		</bndbox>
	</object>
	<object>
		<name>gun</name>
		<pose>Unspecified</pose>
		<truncated>0</truncated>
		<difficult>0</difficult>
		<bndbox>
			<xmin>255</xmin>
			<ymin>27</ymin>
			<xmax>494</xmax>
			<ymax>210</ymax>
		</bndbox>
	</object>
</annotation>
