<annotation>
	<folder>train</folder>
	<filename>armas (9).jpg</filename>
	<path>/Users/simonchu/Desktop/Weapons-100-SC/train/armas (9).jpg</path>
	<source>
		<database>Unknown</database>
	</source>
	<size>
		<width>866</width>
		<height>1300</height>
		<depth>3</depth>
	</size>
	<segmented>0</segmented>
	<object>
		<name>gun</name>
		<pose>Unspecified</pose>
		<truncated>0</truncated>
		<difficult>0</difficult>
		<bndbox>
			<xmin>131</xmin>
			<ymin>162</ymin>
			<xmax>374</xmax>
			<ymax>570</ymax>
		</bndbox>
	</object>
</annotation>
