<annotation>
	<folder>train</folder>
	<filename>armas (75).jpg</filename>
	<path>/Users/simonchu/Desktop/Weapons-100-SC/train/armas (75).jpg</path>
	<source>
		<database>Unknown</database>
	</source>
	<size>
		<width>678</width>
		<height>1024</height>
		<depth>3</depth>
	</size>
	<segmented>0</segmented>
	<object>
		<name>gun</name>
		<pose>Unspecified</pose>
		<truncated>0</truncated>
		<difficult>0</difficult>
		<bndbox>
			<xmin>102</xmin>
			<ymin>233</ymin>
			<xmax>551</xmax>
			<ymax>982</ymax>
		</bndbox>
	</object>
</annotation>
