<annotation>
	<folder>train</folder>
	<filename>armas (41).jpg</filename>
	<path>/Users/simonchu/Desktop/Weapons-100-SC/train/armas (41).jpg</path>
	<source>
		<database>Unknown</database>
	</source>
	<size>
		<width>1500</width>
		<height>1124</height>
		<depth>3</depth>
	</size>
	<segmented>0</segmented>
	<object>
		<name>gun</name>
		<pose>Unspecified</pose>
		<truncated>0</truncated>
		<difficult>0</difficult>
		<bndbox>
			<xmin>1115</xmin>
			<ymin>218</ymin>
			<xmax>1295</xmax>
			<ymax>495</ymax>
		</bndbox>
	</object>
</annotation>
