<annotation>
	<folder>train</folder>
	<filename>armas (52).jpg</filename>
	<path>/Users/simonchu/Desktop/Weapons-100-SC/train/armas (52).jpg</path>
	<source>
		<database>Unknown</database>
	</source>
	<size>
		<width>450</width>
		<height>299</height>
		<depth>3</depth>
	</size>
	<segmented>0</segmented>
	<object>
		<name>gun</name>
		<pose>Unspecified</pose>
		<truncated>0</truncated>
		<difficult>0</difficult>
		<bndbox>
			<xmin>110</xmin>
			<ymin>169</ymin>
			<xmax>184</xmax>
			<ymax>228</ymax>
		</bndbox>
	</object>
	<object>
		<name>gun</name>
		<pose>Unspecified</pose>
		<truncated>0</truncated>
		<difficult>0</difficult>
		<bndbox>
			<xmin>262</xmin>
			<ymin>177</ymin>
			<xmax>348</xmax>
			<ymax>234</ymax>
		</bndbox>
	</object>
</annotation>
