<annotation>
	<folder>train</folder>
	<filename>armas (69).jpg</filename>
	<path>/Users/simonchu/Desktop/Weapons-100-SC/train/armas (69).jpg</path>
	<source>
		<database>Unknown</database>
	</source>
	<size>
		<width>168</width>
		<height>113</height>
		<depth>3</depth>
	</size>
	<segmented>0</segmented>
	<object>
		<name>gun</name>
		<pose>Unspecified</pose>
		<truncated>0</truncated>
		<difficult>0</difficult>
		<bndbox>
			<xmin>74</xmin>
			<ymin>61</ymin>
			<xmax>96</xmax>
			<ymax>92</ymax>
		</bndbox>
	</object>
</annotation>
