<annotation>
	<folder>train</folder>
	<filename>armas (66).jpg</filename>
	<path>/Users/simonchu/Desktop/Weapons-100-SC/train/armas (66).jpg</path>
	<source>
		<database>Unknown</database>
	</source>
	<size>
		<width>288</width>
		<height>175</height>
		<depth>3</depth>
	</size>
	<segmented>0</segmented>
	<object>
		<name>gun</name>
		<pose>Unspecified</pose>
		<truncated>1</truncated>
		<difficult>0</difficult>
		<bndbox>
			<xmin>5</xmin>
			<ymin>8</ymin>
			<xmax>288</xmax>
			<ymax>164</ymax>
		</bndbox>
	</object>
</annotation>
