<annotation>
	<folder>train</folder>
	<filename>armas (22).jpg</filename>
	<path>/Users/simonchu/Desktop/Weapons-100-SC/train/armas (22).jpg</path>
	<source>
		<database>Unknown</database>
	</source>
	<size>
		<width>127</width>
		<height>168</height>
		<depth>3</depth>
	</size>
	<segmented>0</segmented>
	<object>
		<name>gun</name>
		<pose>Unspecified</pose>
		<truncated>0</truncated>
		<difficult>0</difficult>
		<bndbox>
			<xmin>32</xmin>
			<ymin>65</ymin>
			<xmax>62</xmax>
			<ymax>114</ymax>
		</bndbox>
	</object>
</annotation>
