<annotation>
	<folder>train</folder>
	<filename>armas (5).jpg</filename>
	<path>/Users/simonchu/Desktop/Weapons-100-SC/train/armas (5).jpg</path>
	<source>
		<database>Unknown</database>
	</source>
	<size>
		<width>1300</width>
		<height>866</height>
		<depth>3</depth>
	</size>
	<segmented>0</segmented>
	<object>
		<name>gun</name>
		<pose>Unspecified</pose>
		<truncated>0</truncated>
		<difficult>0</difficult>
		<bndbox>
			<xmin>356</xmin>
			<ymin>162</ymin>
			<xmax>651</xmax>
			<ymax>655</ymax>
		</bndbox>
	</object>
	<object>
		<name>gun</name>
		<pose>Unspecified</pose>
		<truncated>0</truncated>
		<difficult>0</difficult>
		<bndbox>
			<xmin>607</xmin>
			<ymin>2</ymin>
			<xmax>866</xmax>
			<ymax>390</ymax>
		</bndbox>
	</object>
</annotation>
