<annotation>
	<folder>train</folder>
	<filename>armas (20).jpg</filename>
	<path>/Users/simonchu/Desktop/Weapons-100-SC/train/armas (20).jpg</path>
	<source>
		<database>Unknown</database>
	</source>
	<size>
		<width>1300</width>
		<height>877</height>
		<depth>3</depth>
	</size>
	<segmented>0</segmented>
	<object>
		<name>gun</name>
		<pose>Unspecified</pose>
		<truncated>0</truncated>
		<difficult>0</difficult>
		<bndbox>
			<xmin>751</xmin>
			<ymin>321</ymin>
			<xmax>1083</xmax>
			<ymax>590</ymax>
		</bndbox>
	</object>
</annotation>
