<annotation>
	<folder>train</folder>
	<filename>armas (60).jpg</filename>
	<path>/Users/simonchu/Desktop/Weapons-100-SC/train/armas (60).jpg</path>
	<source>
		<database>Unknown</database>
	</source>
	<size>
		<width>600</width>
		<height>338</height>
		<depth>3</depth>
	</size>
	<segmented>0</segmented>
	<object>
		<name>gun</name>
		<pose>Unspecified</pose>
		<truncated>1</truncated>
		<difficult>0</difficult>
		<bndbox>
			<xmin>208</xmin>
			<ymin>85</ymin>
			<xmax>600</xmax>
			<ymax>314</ymax>
		</bndbox>
	</object>
	<object>
		<name>gun</name>
		<pose>Unspecified</pose>
		<truncated>0</truncated>
		<difficult>0</difficult>
		<bndbox>
			<xmin>286</xmin>
			<ymin>29</ymin>
			<xmax>565</xmax>
			<ymax>133</ymax>
		</bndbox>
	</object>
</annotation>
