<annotation>
	<folder>train</folder>
	<filename>armas (65).jpg</filename>
	<path>/Users/simonchu/Desktop/Weapons-100-SC/train/armas (65).jpg</path>
	<source>
		<database>Unknown</database>
	</source>
	<size>
		<width>1280</width>
		<height>720</height>
		<depth>3</depth>
	</size>
	<segmented>0</segmented>
	<object>
		<name>gun</name>
		<pose>Unspecified</pose>
		<truncated>1</truncated>
		<difficult>0</difficult>
		<bndbox>
			<xmin>36</xmin>
			<ymin>6</ymin>
			<xmax>1280</xmax>
			<ymax>713</ymax>
		</bndbox>
	</object>
</annotation>
