<annotation>
	<folder>train</folder>
	<filename>armas (40).jpg</filename>
	<path>/Users/simonchu/Desktop/Weapons-100-SC/train/armas (40).jpg</path>
	<source>
		<database>Unknown</database>
	</source>
	<size>
		<width>168</width>
		<height>105</height>
		<depth>3</depth>
	</size>
	<segmented>0</segmented>
	<object>
		<name>gun</name>
		<pose>Unspecified</pose>
		<truncated>0</truncated>
		<difficult>0</difficult>
		<bndbox>
			<xmin>133</xmin>
			<ymin>27</ymin>
			<xmax>150</xmax>
			<ymax>54</ymax>
		</bndbox>
	</object>
	<object>
		<name>gun</name>
		<pose>Unspecified</pose>
		<truncated>0</truncated>
		<difficult>0</difficult>
		<bndbox>
			<xmin>68</xmin>
			<ymin>9</ymin>
			<xmax>103</xmax>
			<ymax>65</ymax>
		</bndbox>
	</object>
</annotation>
