<annotation>
	<folder>train</folder>
	<filename>armas (4).jpg</filename>
	<path>/Users/simonchu/Desktop/Weapons-100-SC/train/armas (4).jpg</path>
	<source>
		<database>Unknown</database>
	</source>
	<size>
		<width>600</width>
		<height>431</height>
		<depth>3</depth>
	</size>
	<segmented>0</segmented>
	<object>
		<name>gun</name>
		<pose>Unspecified</pose>
		<truncated>0</truncated>
		<difficult>0</difficult>
		<bndbox>
			<xmin>25</xmin>
			<ymin>146</ymin>
			<xmax>186</xmax>
			<ymax>264</ymax>
		</bndbox>
	</object>
</annotation>
