<annotation>
	<folder>train</folder>
	<filename>armas (79).jpg</filename>
	<path>/Users/simonchu/Desktop/Weapons-100-SC/train/armas (79).jpg</path>
	<source>
		<database>Unknown</database>
	</source>
	<size>
		<width>113</width>
		<height>168</height>
		<depth>3</depth>
	</size>
	<segmented>0</segmented>
	<object>
		<name>gun</name>
		<pose>Unspecified</pose>
		<truncated>0</truncated>
		<difficult>0</difficult>
		<bndbox>
			<xmin>23</xmin>
			<ymin>62</ymin>
			<xmax>51</xmax>
			<ymax>110</ymax>
		</bndbox>
	</object>
</annotation>
