<annotation>
	<folder>train</folder>
	<filename>armas (78).jpg</filename>
	<path>/Users/simonchu/Desktop/Weapons-100-SC/train/armas (78).jpg</path>
	<source>
		<database>Unknown</database>
	</source>
	<size>
		<width>300</width>
		<height>450</height>
		<depth>3</depth>
	</size>
	<segmented>0</segmented>
	<object>
		<name>gun</name>
		<pose>Unspecified</pose>
		<truncated>0</truncated>
		<difficult>0</difficult>
		<bndbox>
			<xmin>38</xmin>
			<ymin>118</ymin>
			<xmax>167</xmax>
			<ymax>270</ymax>
		</bndbox>
	</object>
</annotation>
