<annotation>
	<folder>train</folder>
	<filename>armas (47).jpg</filename>
	<path>/Users/simonchu/Desktop/Weapons-100-SC/train/armas (47).jpg</path>
	<source>
		<database>Unknown</database>
	</source>
	<size>
		<width>866</width>
		<height>1300</height>
		<depth>3</depth>
	</size>
	<segmented>0</segmented>
	<object>
		<name>gun</name>
		<pose>Unspecified</pose>
		<truncated>0</truncated>
		<difficult>0</difficult>
		<bndbox>
			<xmin>294</xmin>
			<ymin>108</ymin>
			<xmax>818</xmax>
			<ymax>845</ymax>
		</bndbox>
	</object>
</annotation>
