<annotation>
	<folder>train</folder>
	<filename>armas (1).jpg</filename>
	<path>/Users/simonchu/Desktop/Weapons-100-SC/train/armas (1).jpg</path>
	<source>
		<database>Unknown</database>
	</source>
	<size>
		<width>240</width>
		<height>145</height>
		<depth>3</depth>
	</size>
	<segmented>0</segmented>
	<object>
		<name>gun</name>
		<pose>Unspecified</pose>
		<truncated>1</truncated>
		<difficult>0</difficult>
		<bndbox>
			<xmin>1</xmin>
			<ymin>1</ymin>
			<xmax>128</xmax>
			<ymax>104</ymax>
		</bndbox>
	</object>
	<object>
		<name>gun</name>
		<pose>Unspecified</pose>
		<truncated>1</truncated>
		<difficult>0</difficult>
		<bndbox>
			<xmin>121</xmin>
			<ymin>47</ymin>
			<xmax>240</xmax>
			<ymax>144</ymax>
		</bndbox>
	</object>
</annotation>
